id_unidad,nivel
1,EDUCACIÓN PRIMARIA DE ADULTOS
1,EDUCACIÓN SECUNDARIA DE ADULTOS
1,TÉCNICO AUXILIAR
1,TÉCNICO BÁSICO
1,TÉCNICO MEDIO
2,EDUCACIÓN PRIMARIA DE ADULTOS
2,EDUCACIÓN SECUNDARIA DE ADULTOS
2,TÉCNICO AUXILIAR
2,TÉCNICO BÁSICO
2,TÉCNICO MEDIO
3,EDUCACIÓN PRIMARIA DE ADULTOS
3,EDUCACIÓN SECUNDARIA DE ADULTOS
3,TÉCNICO AUXILIAR
3,TÉCNICO BÁSICO
4,EDUCACIÓN PRIMARIA DE ADULTOS
4,EDUCACIÓN SECUNDARIA DE ADULTOS
4,TÉCNICO AUXILIAR
4,TÉCNICO BÁSICO
5,EDUCACIÓN PRIMARIA DE ADULTOS
5,EDUCACIÓN SECUNDARIA DE ADULTOS
5,TÉCNICO AUXILIAR
5,TÉCNICO BÁSICO
5,TÉCNICO MEDIO
6,PERMANENTE CENTROS Y TALLERES DE APOYO
6,PERMANENTE EDUCACIÓN ADULTO MAYOR
6,PERMANENTE EDUCACIÓN COMUNITARIA
7,EDUCACIÓN PRIMARIA DE ADULTOS
7,EDUCACIÓN SECUNDARIA DE ADULTOS
7,TÉCNICO AUXILIAR
7,TÉCNICO BÁSICO
7,TÉCNICO MEDIO
8,EDUCACIÓN PRIMARIA DE ADULTOS
8,EDUCACIÓN SECUNDARIA DE ADULTOS
8,TÉCNICO AUXILIAR
8,TÉCNICO BÁSICO
9,EDUCACIÓN PRIMARIA DE ADULTOS
9,EDUCACIÓN SECUNDARIA DE ADULTOS
9,TÉCNICO AUXILIAR
9,TÉCNICO BÁSICO
9,TÉCNICO MEDIO
10,EDUCACIÓN SECUNDARIA DE ADULTOS
10,TÉCNICO AUXILIAR
10,TÉCNICO BÁSICO
10,TÉCNICO MEDIO
11,EDUCACIÓN SECUNDARIA DE ADULTOS
11,TÉCNICO AUXILIAR
11,TÉCNICO BÁSICO
11,TÉCNICO MEDIO
12,EDUCACIÓN PRIMARIA DE ADULTOS
12,EDUCACIÓN SECUNDARIA DE ADULTOS
12,TÉCNICO AUXILIAR
12,TÉCNICO BÁSICO
12,TÉCNICO MEDIO
13,EDUCACIÓN PRIMARIA DE ADULTOS
13,EDUCACIÓN SECUNDARIA DE ADULTOS
14,EDUCACIÓN SECUNDARIA DE ADULTOS
14,TÉCNICO AUXILIAR
14,TÉCNICO BÁSICO
14,TÉCNICO MEDIO
15,PERMANENTE COMUNICACIÓN POR RADIO
15,PERMANENTE COMUNICACIÓN POR TELEVISIÓN
15,PERMANENTE EDUCACIÓN COMUNITARIA
16,EDUCACIÓN PRIMARIA DE ADULTOS
16,EDUCACIÓN SECUNDARIA DE ADULTOS
16,TÉCNICO AUXILIAR
16,TÉCNICO BÁSICO
16,TÉCNICO MEDIO
17,EDUCACIÓN SECUNDARIA DE ADULTOS
17,TÉCNICO AUXILIAR
17,TÉCNICO BÁSICO
18,EDUCACIÓN PRIMARIA DE ADULTOS
18,EDUCACIÓN SECUNDARIA DE ADULTOS
18,TÉCNICO AUXILIAR
18,TÉCNICO BÁSICO
19,TÉCNICO AUXILIAR
19,TÉCNICO BÁSICO
19,TÉCNICO MEDIO
20,TÉCNICO AUXILIAR
20,TÉCNICO BÁSICO
20,TÉCNICO MEDIO
21,EDUCACIÓN SECUNDARIA DE ADULTOS
21,TÉCNICO AUXILIAR
21,TÉCNICO BÁSICO
21,TÉCNICO MEDIO
22,EDUCACIÓN PRIMARIA DE ADULTOS
22,EDUCACIÓN SECUNDARIA DE ADULTOS
22,TÉCNICO AUXILIAR
22,TÉCNICO BÁSICO
22,TÉCNICO MEDIO
23,EDUCACIÓN PRIMARIA DE ADULTOS
23,EDUCACIÓN SECUNDARIA DE ADULTOS
23,TÉCNICO AUXILIAR
23,TÉCNICO BÁSICO
24,TÉCNICO AUXILIAR
24,TÉCNICO BÁSICO
24,TÉCNICO MEDIO
25,EDUCACIÓN PRIMARIA DE ADULTOS
25,EDUCACIÓN SECUNDARIA DE ADULTOS
25,TÉCNICO AUXILIAR
25,TÉCNICO BÁSICO
25,TÉCNICO MEDIO
26,EDUCACIÓN PRIMARIA DE ADULTOS
26,EDUCACIÓN SECUNDARIA DE ADULTOS
26,TÉCNICO AUXILIAR
26,TÉCNICO BÁSICO
26,TÉCNICO MEDIO
27,EDUCACIÓN PRIMARIA DE ADULTOS
27,EDUCACIÓN SECUNDARIA DE ADULTOS
27,TÉCNICO AUXILIAR
27,TÉCNICO BÁSICO
27,TÉCNICO MEDIO
28,PERMANENTE EDUCACIÓN COMUNITARIA
29,EDUCACIÓN PRIMARIA DE ADULTOS
29,EDUCACIÓN SECUNDARIA DE ADULTOS
29,TÉCNICO AUXILIAR
29,TÉCNICO BÁSICO
29,TÉCNICO MEDIO
30,EDUCACIÓN PRIMARIA DE ADULTOS
30,EDUCACIÓN SECUNDARIA DE ADULTOS
30,TÉCNICO AUXILIAR
30,TÉCNICO BÁSICO
30,TÉCNICO MEDIO
31,EDUCACIÓN PRIMARIA DE ADULTOS
31,EDUCACIÓN SECUNDARIA DE ADULTOS
31,TÉCNICO AUXILIAR
31,TÉCNICO BÁSICO
31,TÉCNICO MEDIO
32,ESPECIAL
33,ESPECIAL
34,ESPECIAL
35,ESPECIAL
36,ESPECIAL
36,OPERARIO
36,TÉCNICO AUXILIAR
36,TÉCNICO BÁSICO
36,TÉCNICO MEDIO
37,ESPECIAL
38,ESPECIAL
39,ESPECIAL
40,ESPECIAL
41,ESPECIAL
42,ESPECIAL
43,ESPECIAL
44,INICIAL EN FAMILIA COMUNITARIA
44,PRIMARIA COMUNITARIA VOCACIONAL
45,INICIAL EN FAMILIA COMUNITARIA
45,PRIMARIA COMUNITARIA VOCACIONAL
46,INICIAL EN FAMILIA COMUNITARIA
46,PRIMARIA COMUNITARIA VOCACIONAL
47,INICIAL EN FAMILIA COMUNITARIA
47,PRIMARIA COMUNITARIA VOCACIONAL
47,SECUNDARIA COMUNITARIA PRODUCTIVA
48,INICIAL EN FAMILIA COMUNITARIA
48,PRIMARIA COMUNITARIA VOCACIONAL
49,INICIAL EN FAMILIA COMUNITARIA
49,PRIMARIA COMUNITARIA VOCACIONAL
49,SECUNDARIA COMUNITARIA PRODUCTIVA
50,INICIAL EN FAMILIA COMUNITARIA
50,PRIMARIA COMUNITARIA VOCACIONAL
51,INICIAL EN FAMILIA COMUNITARIA
51,PRIMARIA COMUNITARIA VOCACIONAL
52,INICIAL EN FAMILIA COMUNITARIA
52,PRIMARIA COMUNITARIA VOCACIONAL
53,SECUNDARIA COMUNITARIA PRODUCTIVA
54,SECUNDARIA COMUNITARIA PRODUCTIVA
55,INICIAL EN FAMILIA COMUNITARIA
55,PRIMARIA COMUNITARIA VOCACIONAL
56,PRIMARIA COMUNITARIA VOCACIONAL
56,SECUNDARIA COMUNITARIA PRODUCTIVA
57,INICIAL EN FAMILIA COMUNITARIA
57,PRIMARIA COMUNITARIA VOCACIONAL
58,INICIAL EN FAMILIA COMUNITARIA
58,PRIMARIA COMUNITARIA VOCACIONAL
58,SECUNDARIA COMUNITARIA PRODUCTIVA
59,INICIAL EN FAMILIA COMUNITARIA
59,PRIMARIA COMUNITARIA VOCACIONAL
59,SECUNDARIA COMUNITARIA PRODUCTIVA
60,INICIAL EN FAMILIA COMUNITARIA
60,PRIMARIA COMUNITARIA VOCACIONAL
60,SECUNDARIA COMUNITARIA PRODUCTIVA
61,SECUNDARIA COMUNITARIA PRODUCTIVA
62,INICIAL EN FAMILIA COMUNITARIA
62,PRIMARIA COMUNITARIA VOCACIONAL
63,INICIAL EN FAMILIA COMUNITARIA
63,PRIMARIA COMUNITARIA VOCACIONAL
63,SECUNDARIA COMUNITARIA PRODUCTIVA
64,SECUNDARIA COMUNITARIA PRODUCTIVA
65,INICIAL EN FAMILIA COMUNITARIA
65,PRIMARIA COMUNITARIA VOCACIONAL
66,INICIAL EN FAMILIA COMUNITARIA
67,INICIAL EN FAMILIA COMUNITARIA
67,PRIMARIA COMUNITARIA VOCACIONAL
67,SECUNDARIA COMUNITARIA PRODUCTIVA
68,INICIAL EN FAMILIA COMUNITARIA
68,PRIMARIA COMUNITARIA VOCACIONAL
69,SECUNDARIA COMUNITARIA PRODUCTIVA
70,SECUNDARIA COMUNITARIA PRODUCTIVA
71,INICIAL EN FAMILIA COMUNITARIA
71,PRIMARIA COMUNITARIA VOCACIONAL
72,INICIAL EN FAMILIA COMUNITARIA
72,PRIMARIA COMUNITARIA VOCACIONAL
72,SECUNDARIA COMUNITARIA PRODUCTIVA
73,SECUNDARIA COMUNITARIA PRODUCTIVA
74,INICIAL EN FAMILIA COMUNITARIA
74,PRIMARIA COMUNITARIA VOCACIONAL
75,SECUNDARIA COMUNITARIA PRODUCTIVA
76,PRIMARIA COMUNITARIA VOCACIONAL
76,SECUNDARIA COMUNITARIA PRODUCTIVA
77,SECUNDARIA COMUNITARIA PRODUCTIVA
78,INICIAL EN FAMILIA COMUNITARIA
78,PRIMARIA COMUNITARIA VOCACIONAL
79,SECUNDARIA COMUNITARIA PRODUCTIVA
80,INICIAL EN FAMILIA COMUNITARIA
80,PRIMARIA COMUNITARIA VOCACIONAL
81,SECUNDARIA COMUNITARIA PRODUCTIVA
82,INICIAL EN FAMILIA COMUNITARIA
82,PRIMARIA COMUNITARIA VOCACIONAL
83,INICIAL EN FAMILIA COMUNITARIA
83,PRIMARIA COMUNITARIA VOCACIONAL
84,INICIAL EN FAMILIA COMUNITARIA
84,PRIMARIA COMUNITARIA VOCACIONAL
84,SECUNDARIA COMUNITARIA PRODUCTIVA
85,INICIAL EN FAMILIA COMUNITARIA
85,PRIMARIA COMUNITARIA VOCACIONAL
86,INICIAL EN FAMILIA COMUNITARIA
86,PRIMARIA COMUNITARIA VOCACIONAL
86,SECUNDARIA COMUNITARIA PRODUCTIVA
87,INICIAL EN FAMILIA COMUNITARIA
87,PRIMARIA COMUNITARIA VOCACIONAL
88,INICIAL EN FAMILIA COMUNITARIA
88,PRIMARIA COMUNITARIA VOCACIONAL
89,INICIAL EN FAMILIA COMUNITARIA
89,PRIMARIA COMUNITARIA VOCACIONAL
90,SECUNDARIA COMUNITARIA PRODUCTIVA
91,INICIAL EN FAMILIA COMUNITARIA
91,PRIMARIA COMUNITARIA VOCACIONAL
91,SECUNDARIA COMUNITARIA PRODUCTIVA
92,INICIAL EN FAMILIA COMUNITARIA
92,PRIMARIA COMUNITARIA VOCACIONAL
92,SECUNDARIA COMUNITARIA PRODUCTIVA
93,INICIAL EN FAMILIA COMUNITARIA
93,PRIMARIA COMUNITARIA VOCACIONAL
93,SECUNDARIA COMUNITARIA PRODUCTIVA
94,INICIAL EN FAMILIA COMUNITARIA
94,PRIMARIA COMUNITARIA VOCACIONAL
94,SECUNDARIA COMUNITARIA PRODUCTIVA
95,INICIAL EN FAMILIA COMUNITARIA
95,PRIMARIA COMUNITARIA VOCACIONAL
96,SECUNDARIA COMUNITARIA PRODUCTIVA
97,INICIAL EN FAMILIA COMUNITARIA
97,PRIMARIA COMUNITARIA VOCACIONAL
97,SECUNDARIA COMUNITARIA PRODUCTIVA
98,INICIAL EN FAMILIA COMUNITARIA
98,PRIMARIA COMUNITARIA VOCACIONAL
99,SECUNDARIA COMUNITARIA PRODUCTIVA
100,SECUNDARIA COMUNITARIA PRODUCTIVA
101,INICIAL EN FAMILIA COMUNITARIA
101,PRIMARIA COMUNITARIA VOCACIONAL
102,INICIAL EN FAMILIA COMUNITARIA
102,PRIMARIA COMUNITARIA VOCACIONAL
103,INICIAL EN FAMILIA COMUNITARIA
104,INICIAL EN FAMILIA COMUNITARIA
104,PRIMARIA COMUNITARIA VOCACIONAL
104,SECUNDARIA COMUNITARIA PRODUCTIVA
105,PRIMARIA COMUNITARIA VOCACIONAL
105,SECUNDARIA COMUNITARIA PRODUCTIVA
106,INICIAL EN FAMILIA COMUNITARIA
106,PRIMARIA COMUNITARIA VOCACIONAL
107,INICIAL EN FAMILIA COMUNITARIA
107,PRIMARIA COMUNITARIA VOCACIONAL
108,SECUNDARIA COMUNITARIA PRODUCTIVA
109,PRIMARIA COMUNITARIA VOCACIONAL
109,SECUNDARIA COMUNITARIA PRODUCTIVA
110,INICIAL EN FAMILIA COMUNITARIA
110,PRIMARIA COMUNITARIA VOCACIONAL
111,INICIAL EN FAMILIA COMUNITARIA
111,PRIMARIA COMUNITARIA VOCACIONAL
111,SECUNDARIA COMUNITARIA PRODUCTIVA
112,INICIAL EN FAMILIA COMUNITARIA
112,PRIMARIA COMUNITARIA VOCACIONAL
112,SECUNDARIA COMUNITARIA PRODUCTIVA
113,INICIAL EN FAMILIA COMUNITARIA
113,PRIMARIA COMUNITARIA VOCACIONAL
113,SECUNDARIA COMUNITARIA PRODUCTIVA
114,INICIAL EN FAMILIA COMUNITARIA
114,PRIMARIA COMUNITARIA VOCACIONAL
115,SECUNDARIA COMUNITARIA PRODUCTIVA
116,INICIAL EN FAMILIA COMUNITARIA
116,PRIMARIA COMUNITARIA VOCACIONAL
117,SECUNDARIA COMUNITARIA PRODUCTIVA
118,INICIAL EN FAMILIA COMUNITARIA
118,PRIMARIA COMUNITARIA VOCACIONAL
119,INICIAL EN FAMILIA COMUNITARIA
119,PRIMARIA COMUNITARIA VOCACIONAL
119,SECUNDARIA COMUNITARIA PRODUCTIVA
120,SECUNDARIA COMUNITARIA PRODUCTIVA
121,INICIAL EN FAMILIA COMUNITARIA
121,PRIMARIA COMUNITARIA VOCACIONAL
122,INICIAL EN FAMILIA COMUNITARIA
122,PRIMARIA COMUNITARIA VOCACIONAL
122,SECUNDARIA COMUNITARIA PRODUCTIVA
123,INICIAL EN FAMILIA COMUNITARIA
123,PRIMARIA COMUNITARIA VOCACIONAL
123,SECUNDARIA COMUNITARIA PRODUCTIVA
124,INICIAL EN FAMILIA COMUNITARIA
124,PRIMARIA COMUNITARIA VOCACIONAL
125,INICIAL EN FAMILIA COMUNITARIA
125,PRIMARIA COMUNITARIA VOCACIONAL
125,SECUNDARIA COMUNITARIA PRODUCTIVA
126,INICIAL EN FAMILIA COMUNITARIA
126,PRIMARIA COMUNITARIA VOCACIONAL
126,SECUNDARIA COMUNITARIA PRODUCTIVA
127,INICIAL EN FAMILIA COMUNITARIA
127,PRIMARIA COMUNITARIA VOCACIONAL
128,SECUNDARIA COMUNITARIA PRODUCTIVA
129,INICIAL EN FAMILIA COMUNITARIA
129,PRIMARIA COMUNITARIA VOCACIONAL
129,SECUNDARIA COMUNITARIA PRODUCTIVA
130,INICIAL EN FAMILIA COMUNITARIA
130,PRIMARIA COMUNITARIA VOCACIONAL
130,SECUNDARIA COMUNITARIA PRODUCTIVA
131,INICIAL EN FAMILIA COMUNITARIA
131,PRIMARIA COMUNITARIA VOCACIONAL
131,SECUNDARIA COMUNITARIA PRODUCTIVA
132,INICIAL EN FAMILIA COMUNITARIA
132,PRIMARIA COMUNITARIA VOCACIONAL
133,INICIAL EN FAMILIA COMUNITARIA
133,PRIMARIA COMUNITARIA VOCACIONAL
134,PRIMARIA COMUNITARIA VOCACIONAL
134,SECUNDARIA COMUNITARIA PRODUCTIVA
135,SECUNDARIA COMUNITARIA PRODUCTIVA
136,SECUNDARIA COMUNITARIA PRODUCTIVA
137,PRIMARIA COMUNITARIA VOCACIONAL
138,INICIAL EN FAMILIA COMUNITARIA
139,SECUNDARIA COMUNITARIA PRODUCTIVA
140,INICIAL EN FAMILIA COMUNITARIA
140,PRIMARIA COMUNITARIA VOCACIONAL
141,INICIAL EN FAMILIA COMUNITARIA
141,PRIMARIA COMUNITARIA VOCACIONAL
141,SECUNDARIA COMUNITARIA PRODUCTIVA
142,INICIAL EN FAMILIA COMUNITARIA
142,PRIMARIA COMUNITARIA VOCACIONAL
143,INICIAL EN FAMILIA COMUNITARIA
143,PRIMARIA COMUNITARIA VOCACIONAL
143,SECUNDARIA COMUNITARIA PRODUCTIVA
144,INICIAL EN FAMILIA COMUNITARIA
144,PRIMARIA COMUNITARIA VOCACIONAL
144,SECUNDARIA COMUNITARIA PRODUCTIVA
145,INICIAL EN FAMILIA COMUNITARIA
145,PRIMARIA COMUNITARIA VOCACIONAL
146,SECUNDARIA COMUNITARIA PRODUCTIVA
147,INICIAL EN FAMILIA COMUNITARIA
147,PRIMARIA COMUNITARIA VOCACIONAL
148,SECUNDARIA COMUNITARIA PRODUCTIVA
149,INICIAL EN FAMILIA COMUNITARIA
149,PRIMARIA COMUNITARIA VOCACIONAL
149,SECUNDARIA COMUNITARIA PRODUCTIVA
150,INICIAL EN FAMILIA COMUNITARIA
150,PRIMARIA COMUNITARIA VOCACIONAL
151,INICIAL EN FAMILIA COMUNITARIA
151,PRIMARIA COMUNITARIA VOCACIONAL
151,SECUNDARIA COMUNITARIA PRODUCTIVA
152,INICIAL EN FAMILIA COMUNITARIA
152,PRIMARIA COMUNITARIA VOCACIONAL
152,SECUNDARIA COMUNITARIA PRODUCTIVA
153,PRIMARIA COMUNITARIA VOCACIONAL
154,SECUNDARIA COMUNITARIA PRODUCTIVA
155,INICIAL EN FAMILIA COMUNITARIA
155,PRIMARIA COMUNITARIA VOCACIONAL
156,INICIAL EN FAMILIA COMUNITARIA
156,PRIMARIA COMUNITARIA VOCACIONAL
157,SECUNDARIA COMUNITARIA PRODUCTIVA
158,SECUNDARIA COMUNITARIA PRODUCTIVA
159,INICIAL EN FAMILIA COMUNITARIA
159,PRIMARIA COMUNITARIA VOCACIONAL
159,SECUNDARIA COMUNITARIA PRODUCTIVA
160,INICIAL EN FAMILIA COMUNITARIA
160,PRIMARIA COMUNITARIA VOCACIONAL
160,SECUNDARIA COMUNITARIA PRODUCTIVA
161,SECUNDARIA COMUNITARIA PRODUCTIVA
162,INICIAL EN FAMILIA COMUNITARIA
162,PRIMARIA COMUNITARIA VOCACIONAL
163,INICIAL EN FAMILIA COMUNITARIA
163,PRIMARIA COMUNITARIA VOCACIONAL
163,SECUNDARIA COMUNITARIA PRODUCTIVA
164,SECUNDARIA COMUNITARIA PRODUCTIVA
165,INICIAL EN FAMILIA COMUNITARIA
165,PRIMARIA COMUNITARIA VOCACIONAL
166,INICIAL EN FAMILIA COMUNITARIA
166,PRIMARIA COMUNITARIA VOCACIONAL
166,SECUNDARIA COMUNITARIA PRODUCTIVA
167,PRIMARIA COMUNITARIA VOCACIONAL
167,SECUNDARIA COMUNITARIA PRODUCTIVA
168,INICIAL EN FAMILIA COMUNITARIA
168,PRIMARIA COMUNITARIA VOCACIONAL
169,INICIAL EN FAMILIA COMUNITARIA
169,PRIMARIA COMUNITARIA VOCACIONAL
169,SECUNDARIA COMUNITARIA PRODUCTIVA
170,INICIAL EN FAMILIA COMUNITARIA
170,PRIMARIA COMUNITARIA VOCACIONAL
170,SECUNDARIA COMUNITARIA PRODUCTIVA
171,INICIAL EN FAMILIA COMUNITARIA
171,PRIMARIA COMUNITARIA VOCACIONAL
172,INICIAL EN FAMILIA COMUNITARIA
172,PRIMARIA COMUNITARIA VOCACIONAL
172,SECUNDARIA COMUNITARIA PRODUCTIVA
173,INICIAL EN FAMILIA COMUNITARIA
173,PRIMARIA COMUNITARIA VOCACIONAL
174,INICIAL EN FAMILIA COMUNITARIA
174,PRIMARIA COMUNITARIA VOCACIONAL
175,INICIAL EN FAMILIA COMUNITARIA
175,PRIMARIA COMUNITARIA VOCACIONAL
175,SECUNDARIA COMUNITARIA PRODUCTIVA
176,INICIAL EN FAMILIA COMUNITARIA
176,PRIMARIA COMUNITARIA VOCACIONAL
176,SECUNDARIA COMUNITARIA PRODUCTIVA
177,INICIAL EN FAMILIA COMUNITARIA
177,PRIMARIA COMUNITARIA VOCACIONAL
177,SECUNDARIA COMUNITARIA PRODUCTIVA
178,INICIAL EN FAMILIA COMUNITARIA
178,PRIMARIA COMUNITARIA VOCACIONAL
178,SECUNDARIA COMUNITARIA PRODUCTIVA
179,INICIAL EN FAMILIA COMUNITARIA
179,PRIMARIA COMUNITARIA VOCACIONAL
179,SECUNDARIA COMUNITARIA PRODUCTIVA
180,INICIAL EN FAMILIA COMUNITARIA
180,PRIMARIA COMUNITARIA VOCACIONAL
180,SECUNDARIA COMUNITARIA PRODUCTIVA
181,INICIAL EN FAMILIA COMUNITARIA
181,PRIMARIA COMUNITARIA VOCACIONAL
182,SECUNDARIA COMUNITARIA PRODUCTIVA
183,INICIAL EN FAMILIA COMUNITARIA
183,PRIMARIA COMUNITARIA VOCACIONAL
184,INICIAL EN FAMILIA COMUNITARIA
184,PRIMARIA COMUNITARIA VOCACIONAL
185,SECUNDARIA COMUNITARIA PRODUCTIVA
186,INICIAL EN FAMILIA COMUNITARIA
186,PRIMARIA COMUNITARIA VOCACIONAL
186,SECUNDARIA COMUNITARIA PRODUCTIVA
187,INICIAL EN FAMILIA COMUNITARIA
187,PRIMARIA COMUNITARIA VOCACIONAL
188,INICIAL EN FAMILIA COMUNITARIA
189,SECUNDARIA COMUNITARIA PRODUCTIVA
190,INICIAL EN FAMILIA COMUNITARIA
190,PRIMARIA COMUNITARIA VOCACIONAL
190,SECUNDARIA COMUNITARIA PRODUCTIVA
191,INICIAL EN FAMILIA COMUNITARIA
191,PRIMARIA COMUNITARIA VOCACIONAL
191,SECUNDARIA COMUNITARIA PRODUCTIVA
192,INICIAL EN FAMILIA COMUNITARIA
192,PRIMARIA COMUNITARIA VOCACIONAL
193,SECUNDARIA COMUNITARIA PRODUCTIVA
194,INICIAL EN FAMILIA COMUNITARIA
194,PRIMARIA COMUNITARIA VOCACIONAL
195,INICIAL EN FAMILIA COMUNITARIA
195,PRIMARIA COMUNITARIA VOCACIONAL
195,SECUNDARIA COMUNITARIA PRODUCTIVA
196,INICIAL EN FAMILIA COMUNITARIA
197,INICIAL EN FAMILIA COMUNITARIA
198,INICIAL EN FAMILIA COMUNITARIA
199,INICIAL EN FAMILIA COMUNITARIA
200,INICIAL EN FAMILIA COMUNITARIA
200,PRIMARIA COMUNITARIA VOCACIONAL
200,SECUNDARIA COMUNITARIA PRODUCTIVA
201,PRIMARIA COMUNITARIA VOCACIONAL
201,SECUNDARIA COMUNITARIA PRODUCTIVA
202,INICIAL EN FAMILIA COMUNITARIA
202,PRIMARIA COMUNITARIA VOCACIONAL
203,INICIAL EN FAMILIA COMUNITARIA
203,PRIMARIA COMUNITARIA VOCACIONAL
204,SECUNDARIA COMUNITARIA PRODUCTIVA
205,INICIAL EN FAMILIA COMUNITARIA
205,PRIMARIA COMUNITARIA VOCACIONAL
205,SECUNDARIA COMUNITARIA PRODUCTIVA
206,INICIAL EN FAMILIA COMUNITARIA
206,PRIMARIA COMUNITARIA VOCACIONAL
206,SECUNDARIA COMUNITARIA PRODUCTIVA
207,INICIAL EN FAMILIA COMUNITARIA
207,PRIMARIA COMUNITARIA VOCACIONAL
208,SECUNDARIA COMUNITARIA PRODUCTIVA
209,INICIAL EN FAMILIA COMUNITARIA
209,PRIMARIA COMUNITARIA VOCACIONAL
210,SECUNDARIA COMUNITARIA PRODUCTIVA
211,INICIAL EN FAMILIA COMUNITARIA
211,PRIMARIA COMUNITARIA VOCACIONAL
211,SECUNDARIA COMUNITARIA PRODUCTIVA
212,INICIAL EN FAMILIA COMUNITARIA
212,PRIMARIA COMUNITARIA VOCACIONAL
212,SECUNDARIA COMUNITARIA PRODUCTIVA
213,INICIAL EN FAMILIA COMUNITARIA
213,PRIMARIA COMUNITARIA VOCACIONAL
213,SECUNDARIA COMUNITARIA PRODUCTIVA
214,INICIAL EN FAMILIA COMUNITARIA
214,PRIMARIA COMUNITARIA VOCACIONAL
215,SECUNDARIA COMUNITARIA PRODUCTIVA
216,INICIAL EN FAMILIA COMUNITARIA
216,PRIMARIA COMUNITARIA VOCACIONAL
216,SECUNDARIA COMUNITARIA PRODUCTIVA
217,INICIAL EN FAMILIA COMUNITARIA
217,PRIMARIA COMUNITARIA VOCACIONAL
218,INICIAL EN FAMILIA COMUNITARIA
218,PRIMARIA COMUNITARIA VOCACIONAL
218,SECUNDARIA COMUNITARIA PRODUCTIVA
219,INICIAL EN FAMILIA COMUNITARIA
219,PRIMARIA COMUNITARIA VOCACIONAL
219,SECUNDARIA COMUNITARIA PRODUCTIVA
220,INICIAL EN FAMILIA COMUNITARIA
220,PRIMARIA COMUNITARIA VOCACIONAL
221,SECUNDARIA COMUNITARIA PRODUCTIVA
222,SECUNDARIA COMUNITARIA PRODUCTIVA
223,INICIAL EN FAMILIA COMUNITARIA
223,PRIMARIA COMUNITARIA VOCACIONAL
224,INICIAL EN FAMILIA COMUNITARIA
224,PRIMARIA COMUNITARIA VOCACIONAL
225,INICIAL EN FAMILIA COMUNITARIA
226,SECUNDARIA COMUNITARIA PRODUCTIVA
227,INICIAL EN FAMILIA COMUNITARIA
227,PRIMARIA COMUNITARIA VOCACIONAL
228,INICIAL EN FAMILIA COMUNITARIA
228,PRIMARIA COMUNITARIA VOCACIONAL
229,PRIMARIA COMUNITARIA VOCACIONAL
230,INICIAL EN FAMILIA COMUNITARIA
230,PRIMARIA COMUNITARIA VOCACIONAL
231,SECUNDARIA COMUNITARIA PRODUCTIVA
232,PRIMARIA COMUNITARIA VOCACIONAL
232,SECUNDARIA COMUNITARIA PRODUCTIVA
233,INICIAL EN FAMILIA COMUNITARIA
233,PRIMARIA COMUNITARIA VOCACIONAL
233,SECUNDARIA COMUNITARIA PRODUCTIVA
234,INICIAL EN FAMILIA COMUNITARIA
234,PRIMARIA COMUNITARIA VOCACIONAL
234,SECUNDARIA COMUNITARIA PRODUCTIVA
235,INICIAL EN FAMILIA COMUNITARIA
235,PRIMARIA COMUNITARIA VOCACIONAL
236,INICIAL EN FAMILIA COMUNITARIA
236,PRIMARIA COMUNITARIA VOCACIONAL
236,SECUNDARIA COMUNITARIA PRODUCTIVA
237,SECUNDARIA COMUNITARIA PRODUCTIVA
238,INICIAL EN FAMILIA COMUNITARIA
238,PRIMARIA COMUNITARIA VOCACIONAL
238,SECUNDARIA COMUNITARIA PRODUCTIVA
239,INICIAL EN FAMILIA COMUNITARIA
239,PRIMARIA COMUNITARIA VOCACIONAL
239,SECUNDARIA COMUNITARIA PRODUCTIVA
240,INICIAL EN FAMILIA COMUNITARIA
240,PRIMARIA COMUNITARIA VOCACIONAL
240,SECUNDARIA COMUNITARIA PRODUCTIVA
241,INICIAL EN FAMILIA COMUNITARIA
241,PRIMARIA COMUNITARIA VOCACIONAL
242,SECUNDARIA COMUNITARIA PRODUCTIVA
243,INICIAL EN FAMILIA COMUNITARIA
243,PRIMARIA COMUNITARIA VOCACIONAL
244,SECUNDARIA COMUNITARIA PRODUCTIVA
245,SECUNDARIA COMUNITARIA PRODUCTIVA
246,PRIMARIA COMUNITARIA VOCACIONAL
246,SECUNDARIA COMUNITARIA PRODUCTIVA
247,INICIAL EN FAMILIA COMUNITARIA
247,PRIMARIA COMUNITARIA VOCACIONAL
248,PRIMARIA COMUNITARIA VOCACIONAL
248,SECUNDARIA COMUNITARIA PRODUCTIVA
249,INICIAL EN FAMILIA COMUNITARIA
249,SECUNDARIA COMUNITARIA PRODUCTIVA
250,INICIAL EN FAMILIA COMUNITARIA
250,PRIMARIA COMUNITARIA VOCACIONAL
250,SECUNDARIA COMUNITARIA PRODUCTIVA
251,INICIAL EN FAMILIA COMUNITARIA
251,PRIMARIA COMUNITARIA VOCACIONAL
251,SECUNDARIA COMUNITARIA PRODUCTIVA
252,INICIAL EN FAMILIA COMUNITARIA
252,PRIMARIA COMUNITARIA VOCACIONAL
252,SECUNDARIA COMUNITARIA PRODUCTIVA
253,INICIAL EN FAMILIA COMUNITARIA
253,PRIMARIA COMUNITARIA VOCACIONAL
253,SECUNDARIA COMUNITARIA PRODUCTIVA
254,INICIAL EN FAMILIA COMUNITARIA
254,PRIMARIA COMUNITARIA VOCACIONAL
255,SECUNDARIA COMUNITARIA PRODUCTIVA
256,INICIAL EN FAMILIA COMUNITARIA
256,PRIMARIA COMUNITARIA VOCACIONAL
256,SECUNDARIA COMUNITARIA PRODUCTIVA
257,SECUNDARIA COMUNITARIA PRODUCTIVA
258,INICIAL EN FAMILIA COMUNITARIA
258,PRIMARIA COMUNITARIA VOCACIONAL
259,INICIAL EN FAMILIA COMUNITARIA
259,PRIMARIA COMUNITARIA VOCACIONAL
260,SECUNDARIA COMUNITARIA PRODUCTIVA
261,INICIAL EN FAMILIA COMUNITARIA
261,PRIMARIA COMUNITARIA VOCACIONAL
261,SECUNDARIA COMUNITARIA PRODUCTIVA
262,INICIAL EN FAMILIA COMUNITARIA
262,PRIMARIA COMUNITARIA VOCACIONAL
263,SECUNDARIA COMUNITARIA PRODUCTIVA
264,INICIAL EN FAMILIA COMUNITARIA
264,PRIMARIA COMUNITARIA VOCACIONAL
264,SECUNDARIA COMUNITARIA PRODUCTIVA
265,INICIAL EN FAMILIA COMUNITARIA
265,PRIMARIA COMUNITARIA VOCACIONAL
265,SECUNDARIA COMUNITARIA PRODUCTIVA
266,INICIAL EN FAMILIA COMUNITARIA
266,PRIMARIA COMUNITARIA VOCACIONAL
266,SECUNDARIA COMUNITARIA PRODUCTIVA
267,INICIAL EN FAMILIA COMUNITARIA
267,PRIMARIA COMUNITARIA VOCACIONAL
268,SECUNDARIA COMUNITARIA PRODUCTIVA
269,SECUNDARIA COMUNITARIA PRODUCTIVA
270,INICIAL EN FAMILIA COMUNITARIA
270,PRIMARIA COMUNITARIA VOCACIONAL
271,INICIAL EN FAMILIA COMUNITARIA
271,PRIMARIA COMUNITARIA VOCACIONAL
272,SECUNDARIA COMUNITARIA PRODUCTIVA
273,INICIAL EN FAMILIA COMUNITARIA
273,PRIMARIA COMUNITARIA VOCACIONAL
274,SECUNDARIA COMUNITARIA PRODUCTIVA
275,INICIAL EN FAMILIA COMUNITARIA
275,PRIMARIA COMUNITARIA VOCACIONAL
275,SECUNDARIA COMUNITARIA PRODUCTIVA
276,INICIAL EN FAMILIA COMUNITARIA
276,PRIMARIA COMUNITARIA VOCACIONAL
276,SECUNDARIA COMUNITARIA PRODUCTIVA
277,INICIAL EN FAMILIA COMUNITARIA
277,PRIMARIA COMUNITARIA VOCACIONAL
278,INICIAL EN FAMILIA COMUNITARIA
278,PRIMARIA COMUNITARIA VOCACIONAL
278,SECUNDARIA COMUNITARIA PRODUCTIVA
279,INICIAL EN FAMILIA COMUNITARIA
279,PRIMARIA COMUNITARIA VOCACIONAL
279,SECUNDARIA COMUNITARIA PRODUCTIVA
280,INICIAL EN FAMILIA COMUNITARIA
280,PRIMARIA COMUNITARIA VOCACIONAL
281,SECUNDARIA COMUNITARIA PRODUCTIVA
282,INICIAL EN FAMILIA COMUNITARIA
282,PRIMARIA COMUNITARIA VOCACIONAL
282,SECUNDARIA COMUNITARIA PRODUCTIVA
283,INICIAL EN FAMILIA COMUNITARIA
283,PRIMARIA COMUNITARIA VOCACIONAL
283,SECUNDARIA COMUNITARIA PRODUCTIVA
284,INICIAL EN FAMILIA COMUNITARIA
284,PRIMARIA COMUNITARIA VOCACIONAL
284,SECUNDARIA COMUNITARIA PRODUCTIVA
285,INICIAL EN FAMILIA COMUNITARIA
285,PRIMARIA COMUNITARIA VOCACIONAL
285,SECUNDARIA COMUNITARIA PRODUCTIVA
286,INICIAL EN FAMILIA COMUNITARIA
286,PRIMARIA COMUNITARIA VOCACIONAL
286,SECUNDARIA COMUNITARIA PRODUCTIVA
287,INICIAL EN FAMILIA COMUNITARIA
287,PRIMARIA COMUNITARIA VOCACIONAL
288,SECUNDARIA COMUNITARIA PRODUCTIVA
289,SECUNDARIA COMUNITARIA PRODUCTIVA
290,INICIAL EN FAMILIA COMUNITARIA
290,PRIMARIA COMUNITARIA VOCACIONAL
291,INICIAL EN FAMILIA COMUNITARIA
291,PRIMARIA COMUNITARIA VOCACIONAL
292,SECUNDARIA COMUNITARIA PRODUCTIVA
293,INICIAL EN FAMILIA COMUNITARIA
293,PRIMARIA COMUNITARIA VOCACIONAL
294,SECUNDARIA COMUNITARIA PRODUCTIVA
295,INICIAL EN FAMILIA COMUNITARIA
295,PRIMARIA COMUNITARIA VOCACIONAL
295,SECUNDARIA COMUNITARIA PRODUCTIVA
296,INICIAL EN FAMILIA COMUNITARIA
296,PRIMARIA COMUNITARIA VOCACIONAL
296,SECUNDARIA COMUNITARIA PRODUCTIVA
297,INICIAL EN FAMILIA COMUNITARIA
297,PRIMARIA COMUNITARIA VOCACIONAL
298,SECUNDARIA COMUNITARIA PRODUCTIVA
299,SECUNDARIA COMUNITARIA PRODUCTIVA
300,INICIAL EN FAMILIA COMUNITARIA
300,PRIMARIA COMUNITARIA VOCACIONAL
301,INICIAL EN FAMILIA COMUNITARIA
301,PRIMARIA COMUNITARIA VOCACIONAL
302,SECUNDARIA COMUNITARIA PRODUCTIVA
303,INICIAL EN FAMILIA COMUNITARIA
303,PRIMARIA COMUNITARIA VOCACIONAL
304,SECUNDARIA COMUNITARIA PRODUCTIVA
305,INICIAL EN FAMILIA COMUNITARIA
305,PRIMARIA COMUNITARIA VOCACIONAL
306,INICIAL EN FAMILIA COMUNITARIA
306,PRIMARIA COMUNITARIA VOCACIONAL
307,SECUNDARIA COMUNITARIA PRODUCTIVA
308,INICIAL EN FAMILIA COMUNITARIA
308,PRIMARIA COMUNITARIA VOCACIONAL
309,SECUNDARIA COMUNITARIA PRODUCTIVA
310,INICIAL EN FAMILIA COMUNITARIA
310,PRIMARIA COMUNITARIA VOCACIONAL
310,SECUNDARIA COMUNITARIA PRODUCTIVA
311,INICIAL EN FAMILIA COMUNITARIA
311,PRIMARIA COMUNITARIA VOCACIONAL
311,SECUNDARIA COMUNITARIA PRODUCTIVA
312,SECUNDARIA COMUNITARIA PRODUCTIVA
313,INICIAL EN FAMILIA COMUNITARIA
313,PRIMARIA COMUNITARIA VOCACIONAL
314,SECUNDARIA COMUNITARIA PRODUCTIVA
315,INICIAL EN FAMILIA COMUNITARIA
315,PRIMARIA COMUNITARIA VOCACIONAL
316,PRIMARIA COMUNITARIA VOCACIONAL
316,SECUNDARIA COMUNITARIA PRODUCTIVA
317,INICIAL EN FAMILIA COMUNITARIA
317,PRIMARIA COMUNITARIA VOCACIONAL
318,INICIAL EN FAMILIA COMUNITARIA
318,PRIMARIA COMUNITARIA VOCACIONAL
318,SECUNDARIA COMUNITARIA PRODUCTIVA
319,INICIAL EN FAMILIA COMUNITARIA
319,PRIMARIA COMUNITARIA VOCACIONAL
320,SECUNDARIA COMUNITARIA PRODUCTIVA
321,INICIAL EN FAMILIA COMUNITARIA
321,PRIMARIA COMUNITARIA VOCACIONAL
322,PRIMARIA COMUNITARIA VOCACIONAL
322,SECUNDARIA COMUNITARIA PRODUCTIVA
323,SECUNDARIA COMUNITARIA PRODUCTIVA
324,INICIAL EN FAMILIA COMUNITARIA
324,PRIMARIA COMUNITARIA VOCACIONAL
325,SECUNDARIA COMUNITARIA PRODUCTIVA
326,PRIMARIA COMUNITARIA VOCACIONAL
326,SECUNDARIA COMUNITARIA PRODUCTIVA
327,INICIAL EN FAMILIA COMUNITARIA
327,PRIMARIA COMUNITARIA VOCACIONAL
327,SECUNDARIA COMUNITARIA PRODUCTIVA
328,INICIAL EN FAMILIA COMUNITARIA
328,PRIMARIA COMUNITARIA VOCACIONAL
329,INICIAL EN FAMILIA COMUNITARIA
329,PRIMARIA COMUNITARIA VOCACIONAL
330,INICIAL EN FAMILIA COMUNITARIA
330,PRIMARIA COMUNITARIA VOCACIONAL
330,SECUNDARIA COMUNITARIA PRODUCTIVA
331,INICIAL EN FAMILIA COMUNITARIA
332,INICIAL EN FAMILIA COMUNITARIA
333,INICIAL EN FAMILIA COMUNITARIA
333,PRIMARIA COMUNITARIA VOCACIONAL
333,SECUNDARIA COMUNITARIA PRODUCTIVA
334,INICIAL EN FAMILIA COMUNITARIA
334,PRIMARIA COMUNITARIA VOCACIONAL
334,SECUNDARIA COMUNITARIA PRODUCTIVA
335,INICIAL EN FAMILIA COMUNITARIA
335,PRIMARIA COMUNITARIA VOCACIONAL
336,SECUNDARIA COMUNITARIA PRODUCTIVA
337,SECUNDARIA COMUNITARIA PRODUCTIVA
338,INICIAL EN FAMILIA COMUNITARIA
338,PRIMARIA COMUNITARIA VOCACIONAL
339,SECUNDARIA COMUNITARIA PRODUCTIVA
340,INICIAL EN FAMILIA COMUNITARIA
340,PRIMARIA COMUNITARIA VOCACIONAL
340,SECUNDARIA COMUNITARIA PRODUCTIVA
341,INICIAL EN FAMILIA COMUNITARIA
341,PRIMARIA COMUNITARIA VOCACIONAL
342,SECUNDARIA COMUNITARIA PRODUCTIVA
343,INICIAL EN FAMILIA COMUNITARIA
343,PRIMARIA COMUNITARIA VOCACIONAL
343,SECUNDARIA COMUNITARIA PRODUCTIVA
344,INICIAL EN FAMILIA COMUNITARIA
344,PRIMARIA COMUNITARIA VOCACIONAL
344,SECUNDARIA COMUNITARIA PRODUCTIVA
345,INICIAL EN FAMILIA COMUNITARIA
345,PRIMARIA COMUNITARIA VOCACIONAL
346,SECUNDARIA COMUNITARIA PRODUCTIVA
347,INICIAL EN FAMILIA COMUNITARIA
347,PRIMARIA COMUNITARIA VOCACIONAL
347,SECUNDARIA COMUNITARIA PRODUCTIVA
348,INICIAL EN FAMILIA COMUNITARIA
348,PRIMARIA COMUNITARIA VOCACIONAL
348,SECUNDARIA COMUNITARIA PRODUCTIVA
349,INICIAL EN FAMILIA COMUNITARIA
349,PRIMARIA COMUNITARIA VOCACIONAL
349,SECUNDARIA COMUNITARIA PRODUCTIVA
350,INICIAL EN FAMILIA COMUNITARIA
350,PRIMARIA COMUNITARIA VOCACIONAL
350,SECUNDARIA COMUNITARIA PRODUCTIVA
351,SECUNDARIA COMUNITARIA PRODUCTIVA
352,INICIAL EN FAMILIA COMUNITARIA
352,PRIMARIA COMUNITARIA VOCACIONAL
353,INICIAL EN FAMILIA COMUNITARIA
353,PRIMARIA COMUNITARIA VOCACIONAL
354,SECUNDARIA COMUNITARIA PRODUCTIVA
355,SECUNDARIA COMUNITARIA PRODUCTIVA
356,SECUNDARIA COMUNITARIA PRODUCTIVA
357,INICIAL EN FAMILIA COMUNITARIA
357,PRIMARIA COMUNITARIA VOCACIONAL
358,SECUNDARIA COMUNITARIA PRODUCTIVA
359,INICIAL EN FAMILIA COMUNITARIA
359,PRIMARIA COMUNITARIA VOCACIONAL
360,SECUNDARIA COMUNITARIA PRODUCTIVA
361,INICIAL EN FAMILIA COMUNITARIA
361,PRIMARIA COMUNITARIA VOCACIONAL
362,SECUNDARIA COMUNITARIA PRODUCTIVA
363,INICIAL EN FAMILIA COMUNITARIA
363,PRIMARIA COMUNITARIA VOCACIONAL
364,INICIAL EN FAMILIA COMUNITARIA
364,PRIMARIA COMUNITARIA VOCACIONAL
364,SECUNDARIA COMUNITARIA PRODUCTIVA
365,INICIAL EN FAMILIA COMUNITARIA
365,PRIMARIA COMUNITARIA VOCACIONAL
365,SECUNDARIA COMUNITARIA PRODUCTIVA
366,INICIAL EN FAMILIA COMUNITARIA
366,PRIMARIA COMUNITARIA VOCACIONAL
366,SECUNDARIA COMUNITARIA PRODUCTIVA
367,INICIAL EN FAMILIA COMUNITARIA
367,PRIMARIA COMUNITARIA VOCACIONAL
368,PRIMARIA COMUNITARIA VOCACIONAL
368,SECUNDARIA COMUNITARIA PRODUCTIVA
369,PRIMARIA COMUNITARIA VOCACIONAL
369,SECUNDARIA COMUNITARIA PRODUCTIVA
370,INICIAL EN FAMILIA COMUNITARIA
370,PRIMARIA COMUNITARIA VOCACIONAL
370,SECUNDARIA COMUNITARIA PRODUCTIVA
371,INICIAL EN FAMILIA COMUNITARIA
371,PRIMARIA COMUNITARIA VOCACIONAL
371,SECUNDARIA COMUNITARIA PRODUCTIVA
372,INICIAL EN FAMILIA COMUNITARIA
372,PRIMARIA COMUNITARIA VOCACIONAL
372,SECUNDARIA COMUNITARIA PRODUCTIVA
373,SECUNDARIA COMUNITARIA PRODUCTIVA
374,INICIAL EN FAMILIA COMUNITARIA
374,PRIMARIA COMUNITARIA VOCACIONAL
374,SECUNDARIA COMUNITARIA PRODUCTIVA
375,INICIAL EN FAMILIA COMUNITARIA
375,PRIMARIA COMUNITARIA VOCACIONAL
375,SECUNDARIA COMUNITARIA PRODUCTIVA
376,INICIAL EN FAMILIA COMUNITARIA
376,PRIMARIA COMUNITARIA VOCACIONAL
376,SECUNDARIA COMUNITARIA PRODUCTIVA
377,SECUNDARIA COMUNITARIA PRODUCTIVA
378,INICIAL EN FAMILIA COMUNITARIA
378,PRIMARIA COMUNITARIA VOCACIONAL
379,INICIAL EN FAMILIA COMUNITARIA
379,PRIMARIA COMUNITARIA VOCACIONAL
379,SECUNDARIA COMUNITARIA PRODUCTIVA
380,INICIAL EN FAMILIA COMUNITARIA
380,PRIMARIA COMUNITARIA VOCACIONAL
380,SECUNDARIA COMUNITARIA PRODUCTIVA
381,INICIAL EN FAMILIA COMUNITARIA
381,PRIMARIA COMUNITARIA VOCACIONAL
382,SECUNDARIA COMUNITARIA PRODUCTIVA
383,INICIAL EN FAMILIA COMUNITARIA
383,PRIMARIA COMUNITARIA VOCACIONAL
383,SECUNDARIA COMUNITARIA PRODUCTIVA
384,INICIAL EN FAMILIA COMUNITARIA
384,PRIMARIA COMUNITARIA VOCACIONAL
384,SECUNDARIA COMUNITARIA PRODUCTIVA
385,INICIAL EN FAMILIA COMUNITARIA
385,PRIMARIA COMUNITARIA VOCACIONAL
385,SECUNDARIA COMUNITARIA PRODUCTIVA
386,INICIAL EN FAMILIA COMUNITARIA
386,PRIMARIA COMUNITARIA VOCACIONAL
386,SECUNDARIA COMUNITARIA PRODUCTIVA
387,INICIAL EN FAMILIA COMUNITARIA
387,PRIMARIA COMUNITARIA VOCACIONAL
388,SECUNDARIA COMUNITARIA PRODUCTIVA
389,INICIAL EN FAMILIA COMUNITARIA
389,PRIMARIA COMUNITARIA VOCACIONAL
389,SECUNDARIA COMUNITARIA PRODUCTIVA
390,INICIAL EN FAMILIA COMUNITARIA
390,PRIMARIA COMUNITARIA VOCACIONAL
390,SECUNDARIA COMUNITARIA PRODUCTIVA
391,SECUNDARIA COMUNITARIA PRODUCTIVA
392,INICIAL EN FAMILIA COMUNITARIA
392,PRIMARIA COMUNITARIA VOCACIONAL
393,INICIAL EN FAMILIA COMUNITARIA
393,PRIMARIA COMUNITARIA VOCACIONAL
393,SECUNDARIA COMUNITARIA PRODUCTIVA
394,INICIAL EN FAMILIA COMUNITARIA
394,PRIMARIA COMUNITARIA VOCACIONAL
395,SECUNDARIA COMUNITARIA PRODUCTIVA
396,INICIAL EN FAMILIA COMUNITARIA
396,PRIMARIA COMUNITARIA VOCACIONAL
396,SECUNDARIA COMUNITARIA PRODUCTIVA
397,INICIAL EN FAMILIA COMUNITARIA
397,PRIMARIA COMUNITARIA VOCACIONAL
397,SECUNDARIA COMUNITARIA PRODUCTIVA
398,INICIAL EN FAMILIA COMUNITARIA
398,PRIMARIA COMUNITARIA VOCACIONAL
398,SECUNDARIA COMUNITARIA PRODUCTIVA
399,INICIAL EN FAMILIA COMUNITARIA
399,PRIMARIA COMUNITARIA VOCACIONAL
399,SECUNDARIA COMUNITARIA PRODUCTIVA
400,INICIAL EN FAMILIA COMUNITARIA
401,SECUNDARIA COMUNITARIA PRODUCTIVA
402,INICIAL EN FAMILIA COMUNITARIA
402,PRIMARIA COMUNITARIA VOCACIONAL
403,INICIAL EN FAMILIA COMUNITARIA
403,PRIMARIA COMUNITARIA VOCACIONAL
404,SECUNDARIA COMUNITARIA PRODUCTIVA
405,SECUNDARIA COMUNITARIA PRODUCTIVA
406,INICIAL EN FAMILIA COMUNITARIA
406,PRIMARIA COMUNITARIA VOCACIONAL
407,INICIAL EN FAMILIA COMUNITARIA
407,PRIMARIA COMUNITARIA VOCACIONAL
407,SECUNDARIA COMUNITARIA PRODUCTIVA
408,INICIAL EN FAMILIA COMUNITARIA
408,PRIMARIA COMUNITARIA VOCACIONAL
408,SECUNDARIA COMUNITARIA PRODUCTIVA
409,INICIAL EN FAMILIA COMUNITARIA
409,PRIMARIA COMUNITARIA VOCACIONAL
410,INICIAL EN FAMILIA COMUNITARIA
410,PRIMARIA COMUNITARIA VOCACIONAL
410,SECUNDARIA COMUNITARIA PRODUCTIVA
411,INICIAL EN FAMILIA COMUNITARIA
411,PRIMARIA COMUNITARIA VOCACIONAL
411,SECUNDARIA COMUNITARIA PRODUCTIVA
412,INICIAL EN FAMILIA COMUNITARIA
412,PRIMARIA COMUNITARIA VOCACIONAL
412,SECUNDARIA COMUNITARIA PRODUCTIVA
413,INICIAL EN FAMILIA COMUNITARIA
413,PRIMARIA COMUNITARIA VOCACIONAL
413,SECUNDARIA COMUNITARIA PRODUCTIVA
414,INICIAL EN FAMILIA COMUNITARIA
414,PRIMARIA COMUNITARIA VOCACIONAL
414,SECUNDARIA COMUNITARIA PRODUCTIVA
415,INICIAL EN FAMILIA COMUNITARIA
415,PRIMARIA COMUNITARIA VOCACIONAL
415,SECUNDARIA COMUNITARIA PRODUCTIVA
416,INICIAL EN FAMILIA COMUNITARIA
416,PRIMARIA COMUNITARIA VOCACIONAL
416,SECUNDARIA COMUNITARIA PRODUCTIVA
417,PRIMARIA COMUNITARIA VOCACIONAL
417,SECUNDARIA COMUNITARIA PRODUCTIVA
418,INICIAL EN FAMILIA COMUNITARIA
418,PRIMARIA COMUNITARIA VOCACIONAL
419,INICIAL EN FAMILIA COMUNITARIA
419,PRIMARIA COMUNITARIA VOCACIONAL
420,SECUNDARIA COMUNITARIA PRODUCTIVA
421,INICIAL EN FAMILIA COMUNITARIA
421,PRIMARIA COMUNITARIA VOCACIONAL
421,SECUNDARIA COMUNITARIA PRODUCTIVA
422,INICIAL EN FAMILIA COMUNITARIA
422,PRIMARIA COMUNITARIA VOCACIONAL
422,SECUNDARIA COMUNITARIA PRODUCTIVA
423,SECUNDARIA COMUNITARIA PRODUCTIVA
424,INICIAL EN FAMILIA COMUNITARIA
424,PRIMARIA COMUNITARIA VOCACIONAL
425,SECUNDARIA COMUNITARIA PRODUCTIVA
426,INICIAL EN FAMILIA COMUNITARIA
426,PRIMARIA COMUNITARIA VOCACIONAL
427,SECUNDARIA COMUNITARIA PRODUCTIVA
428,INICIAL EN FAMILIA COMUNITARIA
428,PRIMARIA COMUNITARIA VOCACIONAL
429,INICIAL EN FAMILIA COMUNITARIA
429,PRIMARIA COMUNITARIA VOCACIONAL
429,SECUNDARIA COMUNITARIA PRODUCTIVA
430,SECUNDARIA COMUNITARIA PRODUCTIVA
431,INICIAL EN FAMILIA COMUNITARIA
431,PRIMARIA COMUNITARIA VOCACIONAL
432,INICIAL EN FAMILIA COMUNITARIA
432,PRIMARIA COMUNITARIA VOCACIONAL
432,SECUNDARIA COMUNITARIA PRODUCTIVA
433,INICIAL EN FAMILIA COMUNITARIA
433,PRIMARIA COMUNITARIA VOCACIONAL
434,SECUNDARIA COMUNITARIA PRODUCTIVA
435,SECUNDARIA COMUNITARIA PRODUCTIVA
436,PRIMARIA COMUNITARIA VOCACIONAL
437,INICIAL EN FAMILIA COMUNITARIA
437,PRIMARIA COMUNITARIA VOCACIONAL
437,SECUNDARIA COMUNITARIA PRODUCTIVA
438,INICIAL EN FAMILIA COMUNITARIA
438,PRIMARIA COMUNITARIA VOCACIONAL
438,SECUNDARIA COMUNITARIA PRODUCTIVA
439,INICIAL EN FAMILIA COMUNITARIA
439,PRIMARIA COMUNITARIA VOCACIONAL
439,SECUNDARIA COMUNITARIA PRODUCTIVA
440,SECUNDARIA COMUNITARIA PRODUCTIVA
441,INICIAL EN FAMILIA COMUNITARIA
441,PRIMARIA COMUNITARIA VOCACIONAL
441,SECUNDARIA COMUNITARIA PRODUCTIVA
442,PRIMARIA COMUNITARIA VOCACIONAL
442,SECUNDARIA COMUNITARIA PRODUCTIVA
443,INICIAL EN FAMILIA COMUNITARIA
443,PRIMARIA COMUNITARIA VOCACIONAL
444,INICIAL EN FAMILIA COMUNITARIA
444,PRIMARIA COMUNITARIA VOCACIONAL
444,SECUNDARIA COMUNITARIA PRODUCTIVA
445,INICIAL EN FAMILIA COMUNITARIA
445,PRIMARIA COMUNITARIA VOCACIONAL
445,SECUNDARIA COMUNITARIA PRODUCTIVA
446,INICIAL EN FAMILIA COMUNITARIA
446,PRIMARIA COMUNITARIA VOCACIONAL
446,SECUNDARIA COMUNITARIA PRODUCTIVA
447,PRIMARIA COMUNITARIA VOCACIONAL
447,SECUNDARIA COMUNITARIA PRODUCTIVA
448,INICIAL EN FAMILIA COMUNITARIA
448,PRIMARIA COMUNITARIA VOCACIONAL
449,SECUNDARIA COMUNITARIA PRODUCTIVA
450,INICIAL EN FAMILIA COMUNITARIA
450,PRIMARIA COMUNITARIA VOCACIONAL
451,SECUNDARIA COMUNITARIA PRODUCTIVA
452,INICIAL EN FAMILIA COMUNITARIA
452,PRIMARIA COMUNITARIA VOCACIONAL
453,INICIAL EN FAMILIA COMUNITARIA
453,PRIMARIA COMUNITARIA VOCACIONAL
453,SECUNDARIA COMUNITARIA PRODUCTIVA
454,INICIAL EN FAMILIA COMUNITARIA
455,PRIMARIA COMUNITARIA VOCACIONAL
455,SECUNDARIA COMUNITARIA PRODUCTIVA
456,PRIMARIA COMUNITARIA VOCACIONAL
457,SECUNDARIA COMUNITARIA PRODUCTIVA
458,PRIMARIA COMUNITARIA VOCACIONAL
458,SECUNDARIA COMUNITARIA PRODUCTIVA
459,INICIAL EN FAMILIA COMUNITARIA
459,PRIMARIA COMUNITARIA VOCACIONAL
460,INICIAL EN FAMILIA COMUNITARIA
460,PRIMARIA COMUNITARIA VOCACIONAL
461,PRIMARIA COMUNITARIA VOCACIONAL
461,SECUNDARIA COMUNITARIA PRODUCTIVA
462,INICIAL EN FAMILIA COMUNITARIA
462,PRIMARIA COMUNITARIA VOCACIONAL
463,SECUNDARIA COMUNITARIA PRODUCTIVA
464,INICIAL EN FAMILIA COMUNITARIA
464,PRIMARIA COMUNITARIA VOCACIONAL
465,SECUNDARIA COMUNITARIA PRODUCTIVA
466,SECUNDARIA COMUNITARIA PRODUCTIVA
467,INICIAL EN FAMILIA COMUNITARIA
467,PRIMARIA COMUNITARIA VOCACIONAL
468,SECUNDARIA COMUNITARIA PRODUCTIVA
469,INICIAL EN FAMILIA COMUNITARIA
469,PRIMARIA COMUNITARIA VOCACIONAL
470,INICIAL EN FAMILIA COMUNITARIA
470,PRIMARIA COMUNITARIA VOCACIONAL
471,SECUNDARIA COMUNITARIA PRODUCTIVA
472,INICIAL EN FAMILIA COMUNITARIA
472,PRIMARIA COMUNITARIA VOCACIONAL
473,SECUNDARIA COMUNITARIA PRODUCTIVA
474,INICIAL EN FAMILIA COMUNITARIA
474,PRIMARIA COMUNITARIA VOCACIONAL
475,SECUNDARIA COMUNITARIA PRODUCTIVA
476,INICIAL EN FAMILIA COMUNITARIA
476,PRIMARIA COMUNITARIA VOCACIONAL
476,SECUNDARIA COMUNITARIA PRODUCTIVA
477,INICIAL EN FAMILIA COMUNITARIA
477,PRIMARIA COMUNITARIA VOCACIONAL
477,SECUNDARIA COMUNITARIA PRODUCTIVA
478,INICIAL EN FAMILIA COMUNITARIA
478,PRIMARIA COMUNITARIA VOCACIONAL
478,SECUNDARIA COMUNITARIA PRODUCTIVA
479,INICIAL EN FAMILIA COMUNITARIA
479,PRIMARIA COMUNITARIA VOCACIONAL
480,SECUNDARIA COMUNITARIA PRODUCTIVA
481,SECUNDARIA COMUNITARIA PRODUCTIVA
482,INICIAL EN FAMILIA COMUNITARIA
482,PRIMARIA COMUNITARIA VOCACIONAL
483,INICIAL EN FAMILIA COMUNITARIA
483,PRIMARIA COMUNITARIA VOCACIONAL
483,SECUNDARIA COMUNITARIA PRODUCTIVA
484,INICIAL EN FAMILIA COMUNITARIA
484,PRIMARIA COMUNITARIA VOCACIONAL
484,SECUNDARIA COMUNITARIA PRODUCTIVA
485,INICIAL EN FAMILIA COMUNITARIA
485,PRIMARIA COMUNITARIA VOCACIONAL
486,INICIAL EN FAMILIA COMUNITARIA
486,PRIMARIA COMUNITARIA VOCACIONAL
487,INICIAL EN FAMILIA COMUNITARIA
487,PRIMARIA COMUNITARIA VOCACIONAL
488,PRIMARIA COMUNITARIA VOCACIONAL
488,SECUNDARIA COMUNITARIA PRODUCTIVA
489,INICIAL EN FAMILIA COMUNITARIA
489,PRIMARIA COMUNITARIA VOCACIONAL
490,SECUNDARIA COMUNITARIA PRODUCTIVA
491,INICIAL EN FAMILIA COMUNITARIA
491,PRIMARIA COMUNITARIA VOCACIONAL
491,SECUNDARIA COMUNITARIA PRODUCTIVA
492,INICIAL EN FAMILIA COMUNITARIA
492,PRIMARIA COMUNITARIA VOCACIONAL
492,SECUNDARIA COMUNITARIA PRODUCTIVA
493,INICIAL EN FAMILIA COMUNITARIA
493,PRIMARIA COMUNITARIA VOCACIONAL
494,SECUNDARIA COMUNITARIA PRODUCTIVA
495,INICIAL EN FAMILIA COMUNITARIA
495,PRIMARIA COMUNITARIA VOCACIONAL
495,SECUNDARIA COMUNITARIA PRODUCTIVA
496,INICIAL EN FAMILIA COMUNITARIA
496,PRIMARIA COMUNITARIA VOCACIONAL
497,SECUNDARIA COMUNITARIA PRODUCTIVA
498,SECUNDARIA COMUNITARIA PRODUCTIVA
499,INICIAL EN FAMILIA COMUNITARIA
499,PRIMARIA COMUNITARIA VOCACIONAL
500,INICIAL EN FAMILIA COMUNITARIA
500,PRIMARIA COMUNITARIA VOCACIONAL
500,SECUNDARIA COMUNITARIA PRODUCTIVA
501,INICIAL EN FAMILIA COMUNITARIA
502,INICIAL EN FAMILIA COMUNITARIA
502,PRIMARIA COMUNITARIA VOCACIONAL
502,SECUNDARIA COMUNITARIA PRODUCTIVA
503,INICIAL EN FAMILIA COMUNITARIA
503,PRIMARIA COMUNITARIA VOCACIONAL
504,SECUNDARIA COMUNITARIA PRODUCTIVA
505,INICIAL EN FAMILIA COMUNITARIA
505,PRIMARIA COMUNITARIA VOCACIONAL
505,SECUNDARIA COMUNITARIA PRODUCTIVA
506,INICIAL EN FAMILIA COMUNITARIA
506,PRIMARIA COMUNITARIA VOCACIONAL
506,SECUNDARIA COMUNITARIA PRODUCTIVA
507,INICIAL EN FAMILIA COMUNITARIA
507,PRIMARIA COMUNITARIA VOCACIONAL
508,SECUNDARIA COMUNITARIA PRODUCTIVA
509,INICIAL EN FAMILIA COMUNITARIA
509,PRIMARIA COMUNITARIA VOCACIONAL
510,SECUNDARIA COMUNITARIA PRODUCTIVA
511,INICIAL EN FAMILIA COMUNITARIA
511,PRIMARIA COMUNITARIA VOCACIONAL
511,SECUNDARIA COMUNITARIA PRODUCTIVA
512,INICIAL EN FAMILIA COMUNITARIA
512,PRIMARIA COMUNITARIA VOCACIONAL
513,SECUNDARIA COMUNITARIA PRODUCTIVA
514,INICIAL EN FAMILIA COMUNITARIA
514,PRIMARIA COMUNITARIA VOCACIONAL
514,SECUNDARIA COMUNITARIA PRODUCTIVA
515,INICIAL EN FAMILIA COMUNITARIA
515,PRIMARIA COMUNITARIA VOCACIONAL
515,SECUNDARIA COMUNITARIA PRODUCTIVA
516,INICIAL EN FAMILIA COMUNITARIA
516,PRIMARIA COMUNITARIA VOCACIONAL
517,SECUNDARIA COMUNITARIA PRODUCTIVA
518,INICIAL EN FAMILIA COMUNITARIA
518,PRIMARIA COMUNITARIA VOCACIONAL
519,SECUNDARIA COMUNITARIA PRODUCTIVA
520,INICIAL EN FAMILIA COMUNITARIA
520,PRIMARIA COMUNITARIA VOCACIONAL
520,SECUNDARIA COMUNITARIA PRODUCTIVA
521,INICIAL EN FAMILIA COMUNITARIA
521,PRIMARIA COMUNITARIA VOCACIONAL
521,SECUNDARIA COMUNITARIA PRODUCTIVA
522,SECUNDARIA COMUNITARIA PRODUCTIVA
523,INICIAL EN FAMILIA COMUNITARIA
523,PRIMARIA COMUNITARIA VOCACIONAL
524,INICIAL EN FAMILIA COMUNITARIA
524,PRIMARIA COMUNITARIA VOCACIONAL
525,SECUNDARIA COMUNITARIA PRODUCTIVA
526,SECUNDARIA COMUNITARIA PRODUCTIVA
527,INICIAL EN FAMILIA COMUNITARIA
527,PRIMARIA COMUNITARIA VOCACIONAL
528,INICIAL EN FAMILIA COMUNITARIA
528,PRIMARIA COMUNITARIA VOCACIONAL
528,SECUNDARIA COMUNITARIA PRODUCTIVA
529,INICIAL EN FAMILIA COMUNITARIA
529,PRIMARIA COMUNITARIA VOCACIONAL
529,SECUNDARIA COMUNITARIA PRODUCTIVA
530,INICIAL EN FAMILIA COMUNITARIA
530,PRIMARIA COMUNITARIA VOCACIONAL
531,SECUNDARIA COMUNITARIA PRODUCTIVA
532,SECUNDARIA COMUNITARIA PRODUCTIVA
533,INICIAL EN FAMILIA COMUNITARIA
533,PRIMARIA COMUNITARIA VOCACIONAL
534,INICIAL EN FAMILIA COMUNITARIA
534,PRIMARIA COMUNITARIA VOCACIONAL
534,SECUNDARIA COMUNITARIA PRODUCTIVA
535,INICIAL EN FAMILIA COMUNITARIA
535,PRIMARIA COMUNITARIA VOCACIONAL
535,SECUNDARIA COMUNITARIA PRODUCTIVA
536,INICIAL EN FAMILIA COMUNITARIA
536,PRIMARIA COMUNITARIA VOCACIONAL
536,SECUNDARIA COMUNITARIA PRODUCTIVA
537,INICIAL EN FAMILIA COMUNITARIA
537,PRIMARIA COMUNITARIA VOCACIONAL
538,SECUNDARIA COMUNITARIA PRODUCTIVA
539,SECUNDARIA COMUNITARIA PRODUCTIVA
540,INICIAL EN FAMILIA COMUNITARIA
540,PRIMARIA COMUNITARIA VOCACIONAL
541,INICIAL EN FAMILIA COMUNITARIA
541,PRIMARIA COMUNITARIA VOCACIONAL
541,SECUNDARIA COMUNITARIA PRODUCTIVA
542,INICIAL EN FAMILIA COMUNITARIA
542,PRIMARIA COMUNITARIA VOCACIONAL
543,SECUNDARIA COMUNITARIA PRODUCTIVA
544,INICIAL EN FAMILIA COMUNITARIA
544,PRIMARIA COMUNITARIA VOCACIONAL
544,SECUNDARIA COMUNITARIA PRODUCTIVA
545,INICIAL EN FAMILIA COMUNITARIA
546,INICIAL EN FAMILIA COMUNITARIA
546,PRIMARIA COMUNITARIA VOCACIONAL
546,SECUNDARIA COMUNITARIA PRODUCTIVA
547,INICIAL EN FAMILIA COMUNITARIA
547,PRIMARIA COMUNITARIA VOCACIONAL
547,SECUNDARIA COMUNITARIA PRODUCTIVA
548,INICIAL EN FAMILIA COMUNITARIA
548,PRIMARIA COMUNITARIA VOCACIONAL
548,SECUNDARIA COMUNITARIA PRODUCTIVA
549,SECUNDARIA COMUNITARIA PRODUCTIVA
550,INICIAL EN FAMILIA COMUNITARIA
550,PRIMARIA COMUNITARIA VOCACIONAL
551,INICIAL EN FAMILIA COMUNITARIA
551,PRIMARIA COMUNITARIA VOCACIONAL
551,SECUNDARIA COMUNITARIA PRODUCTIVA
552,INICIAL EN FAMILIA COMUNITARIA
552,PRIMARIA COMUNITARIA VOCACIONAL
552,SECUNDARIA COMUNITARIA PRODUCTIVA
553,INICIAL EN FAMILIA COMUNITARIA
553,PRIMARIA COMUNITARIA VOCACIONAL
553,SECUNDARIA COMUNITARIA PRODUCTIVA
554,PRIMARIA COMUNITARIA VOCACIONAL
554,SECUNDARIA COMUNITARIA PRODUCTIVA
555,INICIAL EN FAMILIA COMUNITARIA
555,PRIMARIA COMUNITARIA VOCACIONAL
555,SECUNDARIA COMUNITARIA PRODUCTIVA
556,INICIAL EN FAMILIA COMUNITARIA
557,INICIAL EN FAMILIA COMUNITARIA
557,PRIMARIA COMUNITARIA VOCACIONAL
557,SECUNDARIA COMUNITARIA PRODUCTIVA
558,INICIAL EN FAMILIA COMUNITARIA
558,PRIMARIA COMUNITARIA VOCACIONAL
558,SECUNDARIA COMUNITARIA PRODUCTIVA
559,INICIAL EN FAMILIA COMUNITARIA
559,PRIMARIA COMUNITARIA VOCACIONAL
559,SECUNDARIA COMUNITARIA PRODUCTIVA
560,SECUNDARIA COMUNITARIA PRODUCTIVA
561,INICIAL EN FAMILIA COMUNITARIA
561,PRIMARIA COMUNITARIA VOCACIONAL
562,INICIAL EN FAMILIA COMUNITARIA
562,PRIMARIA COMUNITARIA VOCACIONAL
563,INICIAL EN FAMILIA COMUNITARIA
563,PRIMARIA COMUNITARIA VOCACIONAL
563,SECUNDARIA COMUNITARIA PRODUCTIVA
564,INICIAL EN FAMILIA COMUNITARIA
564,PRIMARIA COMUNITARIA VOCACIONAL
564,SECUNDARIA COMUNITARIA PRODUCTIVA
565,INICIAL EN FAMILIA COMUNITARIA
565,PRIMARIA COMUNITARIA VOCACIONAL
565,SECUNDARIA COMUNITARIA PRODUCTIVA
566,SECUNDARIA COMUNITARIA PRODUCTIVA
567,INICIAL EN FAMILIA COMUNITARIA
567,PRIMARIA COMUNITARIA VOCACIONAL
568,INICIAL EN FAMILIA COMUNITARIA
568,PRIMARIA COMUNITARIA VOCACIONAL
568,SECUNDARIA COMUNITARIA PRODUCTIVA
569,INICIAL EN FAMILIA COMUNITARIA
569,PRIMARIA COMUNITARIA VOCACIONAL
569,SECUNDARIA COMUNITARIA PRODUCTIVA
570,INICIAL EN FAMILIA COMUNITARIA
570,PRIMARIA COMUNITARIA VOCACIONAL
570,SECUNDARIA COMUNITARIA PRODUCTIVA
571,INICIAL EN FAMILIA COMUNITARIA
571,PRIMARIA COMUNITARIA VOCACIONAL
571,SECUNDARIA COMUNITARIA PRODUCTIVA
572,INICIAL EN FAMILIA COMUNITARIA
572,PRIMARIA COMUNITARIA VOCACIONAL
572,SECUNDARIA COMUNITARIA PRODUCTIVA
573,INICIAL EN FAMILIA COMUNITARIA
573,PRIMARIA COMUNITARIA VOCACIONAL
573,SECUNDARIA COMUNITARIA PRODUCTIVA
574,INICIAL EN FAMILIA COMUNITARIA
574,PRIMARIA COMUNITARIA VOCACIONAL
574,SECUNDARIA COMUNITARIA PRODUCTIVA
575,INICIAL EN FAMILIA COMUNITARIA
575,PRIMARIA COMUNITARIA VOCACIONAL
575,SECUNDARIA COMUNITARIA PRODUCTIVA
576,INICIAL EN FAMILIA COMUNITARIA
576,PRIMARIA COMUNITARIA VOCACIONAL
576,SECUNDARIA COMUNITARIA PRODUCTIVA
577,INICIAL EN FAMILIA COMUNITARIA
577,PRIMARIA COMUNITARIA VOCACIONAL
577,SECUNDARIA COMUNITARIA PRODUCTIVA
578,INICIAL EN FAMILIA COMUNITARIA
578,PRIMARIA COMUNITARIA VOCACIONAL
578,SECUNDARIA COMUNITARIA PRODUCTIVA
579,INICIAL EN FAMILIA COMUNITARIA
579,PRIMARIA COMUNITARIA VOCACIONAL
579,SECUNDARIA COMUNITARIA PRODUCTIVA
580,INICIAL EN FAMILIA COMUNITARIA
580,PRIMARIA COMUNITARIA VOCACIONAL
581,SECUNDARIA COMUNITARIA PRODUCTIVA
582,INICIAL EN FAMILIA COMUNITARIA
582,PRIMARIA COMUNITARIA VOCACIONAL
583,SECUNDARIA COMUNITARIA PRODUCTIVA
584,SECUNDARIA COMUNITARIA PRODUCTIVA
585,INICIAL EN FAMILIA COMUNITARIA
585,PRIMARIA COMUNITARIA VOCACIONAL
586,INICIAL EN FAMILIA COMUNITARIA
586,PRIMARIA COMUNITARIA VOCACIONAL
586,SECUNDARIA COMUNITARIA PRODUCTIVA
587,INICIAL EN FAMILIA COMUNITARIA
587,PRIMARIA COMUNITARIA VOCACIONAL
587,SECUNDARIA COMUNITARIA PRODUCTIVA
588,INICIAL EN FAMILIA COMUNITARIA
588,PRIMARIA COMUNITARIA VOCACIONAL
588,SECUNDARIA COMUNITARIA PRODUCTIVA
589,INICIAL EN FAMILIA COMUNITARIA
589,PRIMARIA COMUNITARIA VOCACIONAL
590,INICIAL EN FAMILIA COMUNITARIA
590,PRIMARIA COMUNITARIA VOCACIONAL
591,INICIAL EN FAMILIA COMUNITARIA
591,PRIMARIA COMUNITARIA VOCACIONAL
592,INICIAL EN FAMILIA COMUNITARIA
592,PRIMARIA COMUNITARIA VOCACIONAL
592,SECUNDARIA COMUNITARIA PRODUCTIVA
